{
  "bj_qy24": [
    453.96,
    488.76,
    603.6,
    687.12
  ],
  "_woe_maps_": {
    "bj_qy24": {
      "0": -1.416383,
      "1": 0.710471,
      "2": 0.17113,
      "3": -0.246989,
      "4": -0.659157,
      "-1": 0.0,
      "-2": 0.0
    }
  }
}